[
{"Humid": ["76%"], "Date": ["Mon", "7/27"]},
{"Humid": ["65%"], "Date": ["Tue", "7/28"]},
{"Humid": ["86%"], "Date": ["Wed", "7/29"]},
{"Humid": ["86%"], "Date": ["Wed", "7/29"]},
{"Humid": ["47%"], "Date": ["Thu", "7/30"]},
{"Humid": ["67%"], "Date": ["Fri", "7/31"]},
{"Humid": ["62%"], "Date": ["Sat", "8/1"]},
{"Humid": ["75%"], "Date": ["Sun", "8/2"]},
{"Humid": ["75%"], "Date": ["Sun", "8/2"]},
{"Humid": ["87%"], "Date": ["Mon", "8/3"]},
{"Humid": ["67%"], "Date": ["Tue", "8/4"]},
{"Humid": ["75%"], "Date": ["Wed", "8/5"]},
{"Humid": ["68%"], "Date": ["Thu", "8/6"]}
]